{"schemaVersion":"1.0","appDefinitionTemplate":{"id":"/providers/Microsoft.PowerApps/apps/","type":"Microsoft.PowerApps/apps","tags":{"primaryDeviceWidth":"1366","primaryDeviceHeight":"768","supportsPortrait":"true","supportsLandscape":"true","primaryFormFactor":"Tablet","showStatusBar":"false","publisherVersion":"3.23123.15","minimumRequiredApiVersion":"2.2.0","hasComponent":"false","hasUnlockedComponent":"false","isUnifiedRootApp":"false","offlineLargeFilesSupport":"false","sienaVersion":"20240117T212314Z-3.23123.15.0"},"properties":{"appVersion":"2024-01-17T21:23:14Z","lifeCycleId":"Published","createdByClientVersion":{"major":3,"minor":23123,"build":15,"revision":0,"majorRevision":0,"minorRevision":0},"minClientVersion":{"major":3,"minor":23123,"build":15,"revision":0,"majorRevision":0,"minorRevision":0},"backgroundColor":"RGBA(0,176,240,1)","backgroundImageUri":"/2436537918830047711/N3d45cd94-ed9a-472f-8b72-11efc1f905ff-logoSmallFile","displayName":"Tutorial - SVG Icons","description":"","commitMessage":"","appUris":{"documentUri":{"value":"/2436537918830047711/Nde7d6585-a12e-4888-b889-69828d615789-document.msapp"},"imageUris":[],"additionalUris":[{"isSolutionAware":false,"value":"/2436537918830047711/N6f8e81bb-319a-4caf-b855-19d507614d82-identity.json"}]},"createdTime":"0001-01-01T00:00:00Z","lastModifiedTime":"0001-01-01T00:00:00Z","sharedGroupsCount":0,"sharedUsersCount":0,"connectionReferences":{},"databaseReferences":{},"almMode":"Environment","performanceOptimizationEnabled":true,"canConsumeAppPass":true,"enableModernRuntimeMode":false,"executionRestrictions":{"isTeamsOnly":false,"dataLossPreventionEvaluationResult":{"status":"Compliant","lastEvaluationDate":"2024-01-17T21:23:15.9710698Z","violations":[],"violationsByPolicy":[],"violationErrorMessage":"The app uses the following connectors: ."}}},"appType":"ClassicCanvasApp","appComponents":[]}}