<manifest><control namespace="OnHoverReactPCFAln" constructor="OnHover" version="0.0.23" display-name-key="OnHover" description-key="OnHover description" control-type="virtual" api-version="1.3.5"><external-service-usage enabled="false" /><property name="ParentContainerId" display-name-key="Parent Container Id" description-key="Parent Container Id" of-type="SingleLine.Text" usage="bound" required="true" /><property name="IsHovered" display-name-key="Is Hovered" description-key="Is Hovered" of-type="TwoOptions" usage="bound" required="true" /><resources><code path="bundle.js" order="1" /><platform-library name="React" version="16.8.6" /><platform-library name="Fluent" version="8.29.0" /></resources><built-by name="pac" version="1.22.2" /></control></manifest>